["Active Life","active"],["ATV Rentals/Tours","atvrentals"],["Amateur Sports Teams","amateursportsteams"],["Amusement Parks","amusementparks"],["Aquariums","aquariums"],["Archery","archery"],["Badminton","badminton"],["Basketball Courts","basketballcourts"],["Bathing Area","bathing_area"],["Batting Cages","battingcages"],["Beaches","beaches"],["Bicycle Paths","bicyclepaths"],["Bike Rentals","bikerentals"],["Boating","boating"],["Bowling","bowling"],["Bungee Jumping","bungeejumping"],["Challenge Courses","challengecourses"],["Climbing","climbing"],["Cycling Classes","cyclingclasses"],["Day Camps","daycamps"],["Disc Golf","discgolf"],["Diving","diving"],["Free Diving","freediving"],["Scuba Diving","scuba"],["Experiences","experiences"],["Fencing Clubs","fencing"],["Fishing","fishing"],["Fitness & Instruction","fitness"],["Barre Classes","barreclasses"],["Boot Camps","bootcamps"],["Boxing","boxing"],["Dance Studios","dancestudio"],["Gyms","gyms"],["Martial Arts","martialarts"],["Meditation Centers","meditationcenters"],["Pilates","pilates"],["Swimming Lessons/Schools","swimminglessons"],["Tai Chi","taichi"],["Trainers","healthtrainers"],["Yoga","yoga"],["Flyboarding","flyboarding"],["Gliding","gliding"],["Go Karts","gokarts"],["Golf","golf"],["Gun/Rifle Ranges","gun_ranges"],["Gymnastics","gymnastics"],["Hang Gliding","hanggliding"],["Hiking","hiking"],["Horse Racing","horseracing"],["Horseback Riding","horsebackriding"],["Hot Air Balloons","hot_air_balloons"],["Indoor Playcentre","indoor_playcenter"],["Jet Skis","jetskis"],["Kids Activities","kids_activities"],["Kiteboarding","kiteboarding"],["Lakes","lakes"],["Laser Tag","lasertag"],["Lawn Bowling","lawn_bowling"],["Leisure Centers","leisure_centers"],["Mini Golf","mini_golf"],["Mountain Biking","mountainbiking"],["Nudist","nudist"],["Paddleboarding","paddleboarding"],["Paintball","paintball"],["Parks","parks"],["Dog Parks","dog_parks"],["Skate Parks","skate_parks"],["Playgrounds","playgrounds"],["Public Plazas","publicplazas"],["Rafting/Kayaking","rafting"],["Recreation Centers","recreation"],["Rock Climbing","rock_climbing"],["Sailing","sailing"],["Skating Rinks","skatingrinks"],["Skiing","skiing"],["Skydiving","skydiving"],["Sledding","sledding"],["Soccer","football"],["Spin Classes","spinclasses"],["Sport Equipment Hire","sport_equipment_hire"],["Sports Clubs","sports_clubs"],["Squash","squash"],["Summer Camps","summer_camps"],["Surf Lifesaving","surflifesaving"],["Surfing","surfing"],["Swimming Pools","swimmingpools"],["Tennis","tennis"],["Trampoline Parks","trampoline"],["Tubing","tubing"],["Zoos","zoos"],["Zorbing","zorbing"],["Arts & Entertainment","arts"],["Arcades","arcades"],["Art Galleries","galleries"],["Betting Centers","bettingcenters"],["Botanical Gardens","gardens"],["Cabaret","cabaret"],["Casinos","casinos"],["Castles","castles"],["Choirs","choirs"],["Cinema","movietheaters"],["Cultural Center","culturalcenter"],["Festivals","festivals"],["Christmas Markets","xmasmarkets"],["Fun Fair","funfair"],["General Festivals","generalfestivals"],["Trade Fairs","tradefairs"],["Jazz & Blues","jazzandblues"],["Marching Bands","marchingbands"],["Museums","museums"],["Music Venues","musicvenues"],["Opera & Ballet","opera"],["Performing Arts","theater"],["Professional Sports Teams","sportsteams"],["Psychics & Astrologers","psychic_astrology"],["Race Tracks","racetracks"],["Social Clubs","social_clubs"],["Stadiums & Arenas","stadiumsarenas"],["Street Art","streetart"],["Tablao Flamenco","tablaoflamenco"],["Ticket Sales","ticketsales"],["Wineries","wineries"],["Automotive","auto"],["Aircraft Dealers","aircraftdealers"],["Auto Customization","autocustomization"],["Auto Detailing","auto_detailing"],["Auto Electric Services","autoelectric"],["Auto Glass Services","autoglass"],["Auto Loan Providers","autoloanproviders"],["Auto Parts & Supplies","autopartssupplies"],["Auto Repair","autorepair"],["Boat Dealers","boatdealers"],["Body Shops","bodyshops"],["Car Dealers","car_dealers"],["Car Inspectors","autodamageassessment"],["Car Share Services","carshares"],["Car Stereo Installation","stereo_installation"],["Car Wash","carwash"],["Gas & Service Stations","servicestations"],["Motorcycle Dealers","motorcycledealers"],["Motorcycle Repair","motorcyclerepair"],["Oil Change Stations","oilchange"],["Parking","parking"],["RV Dealers","rv_dealers"],["RV Repair","rvrepair"],["Registration Services","registrationservices"],["Smog Check Stations","smog_check_stations"],["Tires","tires"],["Towing","towing"],["Truck Rental","truck_rental"],["Vehicle Shipping","vehicleshipping"],["Wheel & Rim Repair","wheelrimrepair"],["Windshield Installation & Repair","windshieldinstallrepair"],["Beauty & Spas","beautysvc"],["Barbers","barbers"],["Cosmetics & Beauty Supply","cosmetics"],["Day Spas","spas"],["Erotic Massage","eroticmassage"],["Eyelash Service","eyelashservice"],["Hair Extensions","hair_extensions"],["Hair Removal","hairremoval"],["Laser Hair Removal","laser_hair_removal"],["Waxing","waxing"],["Hair Salons","hair"],["Blow Dry/Out Services","blowoutservices"],["Hair Extensions","hair_extensions"],["Hair Stylists","hairstylists"],["Men's Hair Salons","menshair"],["Makeup Artists","makeupartists"],["Massage","massage"],["Medical Spas","medicalspa"],["Nail Salons","othersalons"],["Perfume","perfume"],["Permanent Makeup","permanentmakeup"],["Piercing","piercing"],["Rolfing","rolfing"],["Skin Care","skincare"],["Tanning","tanning"],["Spray Tanning","spraytanning"],["Tanning Beds","tanningbeds"],["Tattoo","tattoo"],["Bicycles","bicycles"],["Bike Associations","bikeassociations"],["Bike Repair","bikerepair"],["Bike Shop","bikeshop"],["Special Bikes","specialbikes"],["Education","education"],["Adult Education","adultedu"],["Art Classes","artclasses"],["College Counseling","collegecounseling"],["Colleges & Universities","collegeuniv"],["Educational Services","educationservices"],["Elementary Schools","elementaryschools"],["Middle Schools & High Schools","highschools"],["Preschools","preschools"],["Private Schools","privateschools"],["Private Tutors","privatetutors"],["Religious Schools","religiousschools"],["Special Education","specialed"],["Specialty Schools","specialtyschools"],["Art Schools","artschools"],["Bartending Schools","bartendingschools"],["CPR Classes","cprclasses"],["Circus Schools","circusschools"],["Cooking Schools","cookingschools"],["Cosmetology Schools","cosmetology_schools"],["Dance Schools","dance_schools"],["Driving Schools","driving_schools"],["First Aid Classes","firstaidclasses"],["Flight Instruction","flightinstruction"],["Food Safety Training","foodsafety"],["Language Schools","language_schools"],["Massage Schools","massage_schools"],["Parenting Classes","parentingclasses"],["Swimming Lessons/Schools","swimminglessons"],["Vocational & Technical School","vocation"],["Test Preparation","testprep"],["Tutoring Centers","tutoring"],["Event Planning & Services","eventservices"],["Bartenders","bartenders"],["Boat Charters","boatcharters"],["Cards & Stationery","stationery"],["Caterers","catering"],["Clowns","clowns"],["DJs","djs"],["Face Painting","facepainting"],["Hotels","hotels"],["Agriturismi","agriturismi"],["Magicians","magicians"],["Musicians","musicians"],["Officiants","officiants"],["Party & Event Planning","eventplanning"],["Party Bus Rentals","partybusrentals"],["Party Equipment Rentals","partyequipmentrentals"],["Party Supplies","partysupplies"],["Personal Chefs","personalchefs"],["Photo Booth Rentals","photoboothrentals"],["Photographers","photographers"],["Event Photography","eventphotography"],["Session Photography","sessionphotography"],["Trivia Hosts","triviahosts"],["Valet Services","valetservices"],["Venues & Event Spaces","venues"],["Videographers","videographers"],["Wedding Planning","wedding_planning"],["Financial Services","financialservices"],["Banks & Credit Unions","banks"],["Check Cashing/Pay-day Loans","paydayloans"],["Debt Relief Services","debtrelief"],["Financial Advising","financialadvising"],["Insurance","insurance"],["Investing","investing"],["Tax Services","taxservices"],["Food","food"],["Bagels","bagels"],["Bakeries","bakeries"],["Beer"],["Beverage Store","beverage_stores"],["Breweries","breweries"],["Bubble Tea","bubbletea"],["Butcher","butcher"],["CSA","csa"],["Churros","churros"],["Coffee & Tea","coffee"],["Coffee & Tea Supplies","coffeeteasupplies"],["Convenience Stores","convenience"],["Cupcakes","cupcakes"],["Delicatessen","delicatessen"],["Desserts","desserts"],["Distilleries","distilleries"],["Do-It-Yourself Food","diyfood"],["Donairs","donairs"],["Donuts","donuts"],["Ethic Grocery","ethicgrocery"],["Ethnic Grocery","ethnicgrocery"],["Farmers Market","farmersmarket"],["Fishmonger","fishmonger"],["Food Delivery Services","fooddeliveryservices"],["Food Trucks","foodtrucks"],["Friterie","friterie"],["Gelato","gelato"],["Grocery","grocery"],["Honey","honey"],["Ice Cream & Frozen Yogurt","icecream"],["Internet Cafes","internetcafe"],["Japanese Sweets","jpsweets"],["Juice Bars & Smoothies","juicebars"],["Kiosk","kiosk"],["Milkshake Bars","milkshakebars"],["Mulled Wine","gluhwein"],["Organic Stores","organic_stores"],["Parent Cafes","eltern_cafes"],["Patisserie/Cake Shop","cakeshop"],["Pretzels","pretzels"],["Salumerie","salumerie"],["Shaved Ice","shavedice"],["Specialty Food","gourmet"],["Candy Stores","candy"],["Cheese Shops","cheese"],["Chocolatiers & Shops","chocolate"],["Ethnic Food","ethnicmarkets"],["Fruits & Veggies","markets"],["Health Markets","healthmarkets"],["Herbs & Spices","herbsandspices"],["Meat Shops","meats"],["Seafood Markets","seafoodmarkets"],["Tofu Shops","tofu"],["Street Vendors","streetvendors"],["Tea Rooms","tea"],["Wineries","wineries"],["Zapiekanka","zapiekanka"],["Health & Medical","health"],["Acupuncture","acupuncture"],["Cannabis Clinics","cannabis_clinics"],["Chiropractors","chiropractors"],["Counseling & Mental Health","c_and_mh"],["Psychoanalysts","psychoanalysts"],["Psychologists","psychologists"],["Psychotherapists","psychotherapists"],["Dental Hygienists","dentalhygienists"],["Mobile Clinics","dentalhygienistsmobile"],["Storefront Clinics","dentalhygeiniststorefront"],["Dentists","dentists"],["Cosmetic Dentists","cosmeticdentists"],["Endodontists","endodontists"],["General Dentistry","generaldentistry"],["Oral Surgeons","oralsurgeons"],["Orthodontists","orthodontists"],["Pediatric Dentists","pediatric_dentists"],["Periodontists","periodontists"],["Diagnostic Services","diagnosticservices"],["Diagnostic Imaging","diagnosticimaging"],["Laboratory Testing","laboratorytesting"],["Doctors","physicians"],["Allergists","allergist"],["Anesthesiologists","anesthesiologists"],["Audiologist","audiologist"],["Cardiologists","cardiology"],["Cosmetic Surgeons","cosmeticsurgeons"],["Dermatologists","dermatology"],["Ear Nose & Throat","earnosethroat"],["Endocrinologists","endocrinologists"],["Family Practice","familydr"],["Fertility","fertility"],["Gastroenterologist","gastroenterologist"],["Gerontologists","gerontologist"],["Internal Medicine","internalmed"],["Naturopathic/Holistic","naturopathic"],["Neurologist","neurologist"],["Obstetricians & Gynecologists","obgyn"],["Oncologist","oncologist"],["Ophthalmologists","opthamalogists"],["Orthopedists","orthopedists"],["Osteopathic Physicians","osteopathicphysicians"],["Pediatricians","pediatricians"],["Podiatrists","podiatrists"],["Proctologists","proctologist"],["Psychiatrists","psychiatrists"],["Pulmonologist","pulmonologist"],["Radiologists","radiologists"],["Rheumatologists","rhematologists"],["Sports Medicine","sportsmed"],["Surgeons","surgeons"],["Tattoo Removal","tattooremoval"],["Urologists","urologists"],["Doulas","doulas"],["Emergency Rooms","emergencyrooms"],["Health Insurance Offices","healthinsurance"],["Hearing Aid Providers","hearingaidproviders"],["Hearing Aids","hearing_aids"],["Home Health Care","homehealthcare"],["Hospice","hospice"],["Hospitals","hospitals"],["Hypnosis/Hypnotherapy","hypnosis"],["Lactation Services","lactationservices"],["Laser Eye Surgery/Lasik","laserlasikeyes"],["Lice Services","liceservices"],["Massage Therapy","massage_therapy"],["Medical Centers","medcenters"],["Bulk Billing","bulkbilling"],["Osteopaths","osteopaths"],["Walk-in Clinics","walkinclinics"],["Medical Foot Care","medicalfoot"],["Medical Spas","medicalspa"],["Medical Transportation","medicaltransportation"],["Midwives","midwives"],["Nutritionists","nutritionists"],["Occupational Therapy","occupationaltherapy"],["Optometrists","optometrists"],["Orthotics","orthotics"],["Pharmacy","pharmacy"],["Physical Therapy","physicaltherapy"],["Prosthetics","prosthetics"],["Reflexology","reflexology"],["Rehabilitation Center","rehabilitation_center"],["Reiki","reiki"],["Retirement Homes","retirement_homes"],["Saunas","saunas"],["Speech Therapists","speech_therapists"],["Traditional Chinese Medicine","tcm"],["Urgent Care","urgent_care"],["Weight Loss Centers","weightlosscenters"],["Home Services","homeservices"],["Building Supplies","buildingsupplies"],["Cabinetry","cabinetry"],["Carpenters","carpenters"],["Carpet Installation","carpetinstallation"],["Carpeting","carpeting"],["Chimney Sweeps","chimneysweeps"],["Contractors","contractors"],["Damage Restoration","damagerestoration"],["Door Sales/Installation","doorsales"],["Drywall Installation & Repair","drywall"],["Electricians","electricians"],["Fences & Gates","fencesgates"],["Fireplace Services","fireplace"],["Firewood","firewood"],["Flooring","flooring"],["Furniture Assembly","furnitureassembly"],["Garage Door Services","garage_door_services"],["Gardeners","gardeners"],["Glass & Mirrors","glassandmirrors"],["Gutter Services","gutterservices"],["Handyman","handyman"],["Heating & Air Conditioning/HVAC","hvac"],["Home Cleaning","homecleaning"],["Home Inspectors","home_inspectors"],["Home Organization","home_organization"],["Home Theatre Installation","hometheatreinstallation"],["Home Window Tinting","homewindowtinting"],["Insulation Installation","insulationinstallation"],["Interior Design","interiordesign"],["Internet Service Providers","isps"],["Irrigation","irrigation"],["Keys & Locksmiths","locksmiths"],["Landscape Architects","landscapearchitects"],["Landscaping","landscaping"],["Lighting Fixtures & Equipment","lighting"],["Masonry/Concrete","masonry_concrete"],["Movers","movers"],["Painters","painters"],["Plumbing","plumbing"],["Pool & Hot Tub Service","poolservice"],["Pool Cleaners","poolcleaners"],["Pressure Washers","pressurewashers"],["Real Estate","realestate"],["Apartments","apartments"],["Commercial Real Estate","commercialrealestate"],["Home Staging","homestaging"],["Kitchen Incubators","kitchenincubators"],["Mortgage Brokers","mortgagebrokers"],["Property Management","propertymgmt"],["Real Estate Agents","realestateagents"],["Real Estate Services","realestatesvcs"],["Shared Office Spaces","sharedofficespaces"],["University Housing","university_housing"],["Roofing","roofing"],["Security Systems","securitysystems"],["Shades & Blinds","blinds"],["Shutters","shutters"],["Solar Installation","solarinstallation"],["Structural Engineers","structuralengineers"],["Television Service Providers","televisionserviceproviders"],["Tree Services","treeservices"],["Utilities","utilities"],["Window Washing","windowwashing"],["Windows Installation","windowsinstallation"],["Hotels & Travel","hotelstravel"],["Airports","airports"],["Bed & Breakfast","bedbreakfast"],["Campgrounds","campgrounds"],["Car Rental","carrental"],["Guest Houses","guesthouses"],["Health Retreats","healthretreats"],["Hostels","hostels"],["Hotels","hotels"],["Agriturismi","agriturismi"],["Motorcycle Rental","motorcycle_rental"],["RV Parks","rvparks"],["RV Rental","rvrental"],["Resorts","resorts"],["Ski Resorts","skiresorts"],["Tours","tours"],["Architectural Tours","architecturaltours"],["Art Tours","arttours"],["Bus Tours","bustours"],["Food Tours","foodtours"],["Historical Tours","historicaltours"],["Walking Tours","walkingtours"],["Wine Tours","winetours"],["Train Stations","trainstations"],["Transportation","transport"],["Airlines","airlines"],["Airport Shuttles","airport_shuttles"],["Buses","buses"],["Dolmus Station","dolmusstation"],["Ferries","ferries"],["Limos","limos"],["Public Transportation","publictransport"],["Taxis","taxis"],["Trains","trains"],["Water Taxis","watertaxis"],["Travel Services","travelservices"],["Vacation Rental Agents","vacationrentalagents"],["Vacation Rentals","vacation_rentals"],["Local Flavor","localflavor"],["Yelp Events","yelpevents"],["Local Services","localservices"],["Appliances & Repair","homeappliancerepair"],["Appraisal Services","appraisalservices"],["Bail Bondsmen","bailbondsmen"],["Bike Repair/Maintenance","bike_repair_maintenance"],["Bookbinding","bookbinding"],["Carpet Cleaning","carpet_cleaning"],["Child Care & Day Care","childcare"],["Community Service/Non-Profit","nonprofit"],["Couriers & Delivery Services","couriers"],["Dry Cleaning & Laundry","drycleaninglaundry"],["Electronics Repair","electronicsrepair"],["Funeral Services & Cemeteries","funeralservices"],["Furniture Repair","furniturerepair"],["Furniture Reupholstery","reupholstery"],["IT Services & Computer Repair","itservices"],["Data Recovery","datarecovery"],["Mobile Phone Repair","mobilephonerepair"],["Telecommunications","telecommunications"],["Internet Booths & Calling Centers","internetbooth"],["Jewelry Repair","jewelryrepair"],["Junk Removal & Hauling","junkremovalandhauling"],["Knife Sharpening","knifesharpening"],["Metal Fabricators","metalfabricators"],["Nanny Services","nannys"],["Notaries","notaries"],["Pest Control","pest_control"],["Powder Coating","powdercoating"],["Printing Services","copyshops"],["Propane","propane"],["Record Labels","record_labels"],["Recording & Rehearsal Studios","recording_studios"],["Recycling Center","recyclingcenter"],["Screen Printing","screenprinting"],["Screen Printing/T-Shirt Printing","screen_printing_tshirt_printing"],["Self Storage","selfstorage"],["Septic Services","septicservices"],["Sewing & Alterations","sewingalterations"],["Shipping Centers","shipping_centers"],["Shoe Repair","shoerepair"],["Snow Removal","snowremoval"],["Watch Repair","watch_repair"],["Water Delivery","waterdelivery"],["Youth Club","youth_club"],["Mass Media","massmedia"],["Print Media","printmedia"],["Radio Stations","radiostations"],["Television Stations","televisionstations"],["Nightlife","nightlife"],["Adult Entertainment","adultentertainment"],["Bars","bars"],["Absinthe Bars","absinthebars"],["Beach Bars","beachbars"],["Beer Bar","beerbar"],["Champagne Bars","champagne_bars"],["Cocktail Bars","cocktailbars"],["Dive Bars","divebars"],["Gay Bars","gaybars"],["Hookah Bars","hookah_bars"],["Hotel bar","hotel_bar"],["Irish Pub","irish_pubs"],["Lounges","lounges"],["Pubs","pubs"],["Sake Bars","sakebars"],["Sports Bars","sportsbars"],["Wine Bars","wine_bars"],["Beer Gardens","beergardens"],["Coffeeshops","coffeeshops"],["Comedy Clubs","comedyclubs"],["Country Dance Halls","countrydancehalls"],["Dance Clubs","danceclubs"],["Dance Restaurants","dancerestaurants"],["Fasil Music","fasil"],["Jazz & Blues","jazzandblues"],["Karaoke","karaoke"],["Music Venues","musicvenues"],["Piano Bars","pianobars"],["Pool Halls","poolhalls"],["Pets","pets"],["Animal Shelters","animalshelters"],["Horse Boarding","horse_boarding"],["Pet Adoption","petadoption"],["Pet Services","petservices"],["Aquarium Services","aquariumservices"],["Dog Walkers","dogwalkers"],["Pet Boarding/Pet Sitting","pet_sitting"],["Pet Groomers","groomer"],["Pet Training","pet_training"],["Pet Stores","petstore"],["Veterinarians","vet"],["Professional Services","professional"],["Accountants","accountants"],["Advertising","advertising"],["Architects","architects"],["Boat Repair","boatrepair"],["Career Counseling","careercounseling"],["Editorial Services","editorialservices"],["Employment Agencies","employmentagencies"],["Graphic Design","graphicdesign"],["Internet Service Providers","isps"],["Lawyers","lawyers"],["Bankruptcy Law","bankruptcy"],["Business Law","businesslawyers"],["Criminal Defense Law","criminaldefense"],["DUI Law","duilawyers"],["Divorce & Family Law","divorce"],["Employment Law","employmentlawyers"],["Estate Planning Law","estateplanning"],["General Litigation","general_litigation"],["IP & Internet Law","iplaw"],["Immigration Law","immigrationlawyers"],["Personal Injury Law","personal_injury"],["Real Estate Law","realestatelawyers"],["Tax Law","taxlaw"],["Legal Services","legalservices"],["Life Coach","lifecoach"],["Marketing","marketing"],["Matchmakers","matchmakers"],["Office Cleaning","officecleaning"],["Patent Law","patentlaw"],["Payroll Services","payroll"],["Personal Assistants","personalassistants"],["Private Investigation","privateinvestigation"],["Public Relations","publicrelations"],["Security Services","security"],["Shredding Services","shredding"],["Signmaking","signmaking"],["Software Development","softwaredevelopment"],["Talent Agencies","talentagencies"],["Taxidermy","taxidermy"],["Tenant and Eviction Law","tenantlaw"],["Translation Services","translationservices"],["Video/Film Production","videofilmproductions"],["Web Design","web_design"],["Public Services & Government","publicservicesgovt"],["Authorized Postal Representative","authorized_postal_representative"],["Community Centers","communitycenters"],["Courthouses","courthouses"],["Departments of Motor Vehicles","departmentsofmotorvehicles"],["Embassy","embassy"],["Fire Departments","firedepartments"],["Landmarks & Historical Buildings","landmarks"],["Libraries","libraries"],["Police Departments","policedepartments"],["Post Offices","postoffices"],["Registry Office","registry_office"],["Tax Office","taxoffice"],["Real Estate","realestate"],["Apartments","apartments"],["Commercial Real Estate","commercialrealestate"],["Home Staging","homestaging"],["Kitchen Incubators","kitchenincubators"],["Mortgage Brokers","mortgagebrokers"],["Property Management","propertymgmt"],["Real Estate Agents","realestateagents"],["Real Estate Services","realestatesvcs"],["Shared Office Spaces","sharedofficespaces"],["University Housing","university_housing"],["Religious Organizations","religiousorgs"],["Buddhist Temples","buddhist_temples"],["Churches","churches"],["Hindu Temples","hindu_temples"],["Mosques","mosques"],["Shrines","shrines"],["Synagogues","synagogues"],["Restaurants","restaurants"],["Afghan","afghani"],["African","african"],["Senegalese","senegalese"],["South African","southafrican"],["American","New)","newamerican"],["American","Traditional)","tradamerican"],["Arabian","arabian"],["Arab Pizza","arabpizza"],["Argentine","argentine"],["Armenian","armenian"],["Asian Fusion","asianfusion"],["Asturian","asturian"],["Australian","australian"],["Austrian","austrian"],["Baguettes","baguettes"],["Bangladeshi","bangladeshi"],["Barbeque","bbq"],["Basque","basque"],["Bavarian","bavarian"],["Beer Garden","beergarden"],["Beer Hall","beerhall"],["Beisl","beisl"],["Belgian","belgian"],["Bistros","bistros"],["Black Sea","blacksea"],["Brasseries","brasseries"],["Brazilian","brazilian"],["Brazilian Empanadas","brazilianempanadas"],["Central Brazilian","centralbrazilian"],["Northeastern Brazilian","northeasternbrazilian"],["Northern Brazilian","northernbrazilian"],["Rodizios","rodizios"],["Breakfast & Brunch","breakfast_brunch"],["British","british"],["Buffets","buffets"],["Bulgarian","bulgarian"],["Burgers","burgers"],["Burmese","burmese"],["Cafes","cafes"],["Cafeteria","cafeteria"],["Cajun/Creole","cajun"],["Cambodian","cambodian"],["Canadian","New)","newcanadian"],["Canteen","canteen"],["Caribbean","caribbean"],["Dominican","dominican"],["Haitian","haitian"],["Puerto Rican","puertorican"],["Trinidadian","trinidadian"],["Catalan","catalan"],["Chech","chech"],["Cheesesteaks","cheesesteaks"],["Chicken Shop","chickenshop"],["Chicken Wings","chicken_wings"],["Chilean","chilean"],["Chinese","chinese"],["Cantonese","cantonese"],["Dim Sum","dimsum"],["Fuzhou","fuzhou"],["Hakka","hakka"],["Henghwa","henghwa"],["Hokkien","hokkien"],["Hunan","hunan"],["Pekinese","pekinese"],["Shanghainese","shanghainese"],["Szechuan","szechuan"],["Teochew","teochew"],["Comfort Food","comfortfood"],["Corsican","corsican"],["Creperies","creperies"],["Cuban","cuban"],["Curry Sausage","currysausage"],["Cypriot","cypriot"],["Czech","czech"],["Czech/Slovakian","czechslovakian"],["Danish","danish"],["Delis","delis"],["Diners","diners"],["Dumplings","dumplings"],["Eastern European","eastern_european"],["Ethiopian","ethiopian"],["Fast Food","hotdogs"],["Filipino","filipino"],["Fish & Chips","fishnchips"],["Fondue","fondue"],["Food Court","food_court"],["Food Stands","foodstands"],["French","french"],["French Southwest","sud_ouest"],["Galician","galician"],["Gastropubs","gastropubs"],["Georgian","georgian"],["German","german"],["Baden","baden"],["Eastern German","easterngerman"],["Hessian","hessian"],["Northern German","northerngerman"],["Palatine","palatine"],["Rhinelandian","rhinelandian"],["Giblets","giblets"],["Gluten-Free","gluten_free"],["Greek","greek"],["Halal","halal"],["Hawaiian","hawaiian"],["Heuriger","heuriger"],["Himalayan/Nepalese","himalayan"],["Hot Dogs","hotdog"],["Hot Pot","hotpot"],["Hungarian","hungarian"],["Iberian","iberian"],["Indian","indpak"],["Indonesian","indonesian"],["International","international"],["Irish","irish"],["Island Pub","island_pub"],["Israeli","israeli"],["Italian","italian"],["Altoatesine","altoatesine"],["Apulian","apulian"],["Calabrian","calabrian"],["Cucina campana","cucinacampana"],["Emilian","emilian"],["Friulan","friulan"],["Ligurian","ligurian"],["Lumbard","lumbard"],["Napoletana","napoletana"],["Piemonte","piemonte"],["Roman","roman"],["Sardinian","sardinian"],["Sicilian","sicilian"],["Tuscan","tuscan"],["Venetian","venetian"],["Japanese","japanese"],["Blowfish","blowfish"],["Conveyor Belt Sushi","conveyorsushi"],["Donburi","donburi"],["Gyudon","gyudon"],["Oyakodon","oyakodon"],["Hand Rolls","handrolls"],["Horumon","horumon"],["Izakaya","izakaya"],["Japanese Curry","japacurry"],["Kaiseki","kaiseki"],["Kushikatsu","kushikatsu"],["Oden","oden"],["Okinawan","okinawan"],["Okonomiyaki","okonomiyaki"],["Onigiri","onigiri"],["Ramen","ramen"],["Soba","soba"],["Sukiyaki","sukiyaki"],["Takoyaki","takoyaki"],["Tempura","tempura"],["Teppanyaki","teppanyaki"],["Tonkatsu","tonkatsu"],["Udon","udon"],["Unagi","unagi"],["Western Style Japanese Food","westernjapanese"],["Yakiniku","yakiniku"],["Yakitori","yakitori"],["Jewish","jewish"],["Kebab","kebab"],["Korean","korean"],["Kosher","kosher"],["Kurdish","kurdish"],["Laos","laos"],["Laotian","laotian"],["Latin American","latin"],["Colombian","colombian"],["Salvadoran","salvadoran"],["Venezuelan","venezuelan"],["Live/Raw Food","raw_food"],["Lyonnais","lyonnais"],["Malaysian","malaysian"],["Mamak","mamak"],["Nyonya","nyonya"],["Meatballs","meatballs"],["Mediterranean","mediterranean"],["Falafel","falafel"],["Mexican","mexican"],["Eastern Mexican","easternmexican"],["Jaliscan","jaliscan"],["Northern Mexican","northernmexican"],["Oaxacan","oaxacan"],["Pueblan","pueblan"],["Tacos","tacos"],["Tamales","tamales"],["Yucatan","yucatan"],["Middle Eastern","mideastern"],["Egyptian","egyptian"],["Lebanese","lebanese"],["Milk Bars","milkbars"],["Modern Australian","modern_australian"],["Modern European","modern_european"],["Mongolian","mongolian"],["Moroccan","moroccan"],["New Zealand","newzealand"],["Night Food","nightfood"],["Norcinerie","norcinerie"],["Open Sandwiches","opensandwiches"],["Oriental","oriental"],["Pakistani","pakistani"],["Parent Cafes","eltern_cafes"],["Parma","parma"],["Persian/Iranian","persian"],["Peruvian","peruvian"],["Pita","pita"],["Pizza","pizza"],["Polish","polish"],["Pierogis","pierogis"],["Portuguese","portuguese"],["Alentejo","alentejo"],["Algarve","algarve"],["Azores","azores"],["Beira","beira"],["Fado Houses","fado_houses"],["Madeira","madeira"],["Minho","minho"],["Ribatejo","ribatejo"],["Tras-os-Montes","tras_os_montes"],["Potatoes","potatoes"],["Poutineries","poutineries"],["Pub Food","pubfood"],["Rice","riceshop"],["Romanian","romanian"],["Rotisserie Chicken","rotisserie_chicken"],["Rumanian","rumanian"],["Russian","russian"],["Salad","salad"],["Sandwiches","sandwiches"],["Scandinavian","scandinavian"],["Scottish","scottish"],["Seafood","seafood"],["Serbo Croatian","serbocroatian"],["Signature Cuisine","signature_cuisine"],["Singaporean","singaporean"],["Slovakian","slovakian"],["Soul Food","soulfood"],["Soup","soup"],["Southern","southern"],["Spanish","spanish"],["Arroceria / Paella","arroceria_paella"],["Steakhouses","steak"],["Sushi Bars","sushi"],["Swabian","swabian"],["Swedish","swedish"],["Swiss Food","swissfood"],["Tabernas","tabernas"],["Taiwanese","taiwanese"],["Tapas Bars","tapas"],["Tapas/Small Plates","tapasmallplates"],["Tex-Mex","tex-mex"],["Thai","thai"],["Traditional Norwegian","norwegian"],["Traditional Swedish","traditional_swedish"],["Trattorie","trattorie"],["Turkish","turkish"],["Chee Kufta","cheekufta"],["Gozleme","gozleme"],["Turkish Ravioli","turkishravioli"],["Ukrainian","ukrainian"],["Uzbek","uzbek"],["Vegan","vegan"],["Vegetarian","vegetarian"],["Venison","venison"],["Vietnamese","vietnamese"],["Wok","wok"],["Wraps","wraps"],["Yugoslav","yugoslav"],["Shopping","shopping"],["Adult","adult"],["Antiques","antiques"],["Art Galleries","galleries"],["Arts & Crafts","artsandcrafts"],["Art Supplies","artsupplies"],["Cards & Stationery","stationery"],["Cooking Classes","cookingclasses"],["Costumes","costumes"],["Embroidery & Crochet","embroideryandcrochet"],["Fabric Stores","fabricstores"],["Framing","framing"],["Auction Houses","auctionhouses"],["Baby Gear & Furniture","baby_gear"],["Bespoke Clothing","bespoke"],["Books"],["Bookstores","bookstores"],["Comic Books","comicbooks"],["Music & DVDs","musicvideo"],["Newspapers & Magazines","mags"],["Videos & Video Game Rental","videoandgames"],["Vinyl Records","vinyl_records"],["Brewing Supplies","brewingsupplies"],["Bridal","bridal"],["Chinese Bazaar","chinesebazaar"],["Computers","computers"],["Concept Shops","concept_shops"],["Cosmetics & Beauty Supply","cosmetics"],["Customized Merchandise","custommerchandise"],["Department Stores","deptstores"],["Discount Store","discountstore"],["Drugstores","drugstores"],["Electronics","electronics"],["Eyewear & Opticians","opticians"],["Fashion","fashion"],["Accessories","accessories"],["Children's Clothing","childcloth"],["Department Stores","deptstores"],["Formal Wear","formalwear"],["Hats","hats"],["Kimonos","kimonos"],["Leather Goods","leather"],["Lingerie","lingerie"],["Maternity Wear","maternity"],["Men's Clothing","menscloth"],["Plus Size Fashion","plus_size_fashion"],["Shoe Stores","shoes"],["Sleepwear","sleepwear"],["Sports Wear","sportswear"],["Stockings","stockings"],["Surf Shop","surfshop"],["Swimwear","swimwear"],["Used"],["Women's Clothing","womenscloth"],["Fireworks","fireworks"],["Fitness/Exercise Equipment","fitnessequipment"],["Flea Markets","fleamarkets"],["Flowers & Gifts","flowers"],["Cards & Stationery","stationery"],["Florists","florists"],["Flowers","flowersonly"],["Gift Shops","giftshops"],["Gold Buyers","goldbuyers"],["Golf Equipment Shops","golfshops"],["Guns & Ammo","guns_and_ammo"],["High Fidelity Audio Equipment","hifi"],["Hobby Shops","hobbyshops"],["Home & Garden","homeandgarden"],["Appliances","appliances"],["Furniture Stores","furniture"],["Hardware Stores","hardware"],["Home Decor","homedecor"],["Hot Tub & Pool","hottubandpool"],["Kitchen & Bath","kitchenandbath"],["Linens","linens"],["Mattresses","mattresses"],["Nurseries & Gardening","gardening"],["Rugs","rugs"],["Tableware","tableware"],["Jewelry","jewelry"],["Kiosk","kiosk"],["Knitting Supplies","knittingsupplies"],["Luggage","luggage"],["Market Stalls","marketstalls"],["Medical Supplies","medicalsupplies"],["Mobile Phones","mobilephones"],["Motorcycle Gear","motorcyclinggear"],["Musical Instruments & Teachers","musicalinstrumentsandteachers"],["Office Equipment","officeequipment"],["Outlet Stores","outlet_stores"],["Pawn Shops","pawn"],["Perfume","perfume"],["Personal Shopping","personal_shopping"],["Photography Stores & Services","photographystores"],["Pool & Billiards","poolbilliards"],["Pop-up Shops","popupshops"],["Scandinavian Design","scandinaviandesign"],["Shopping Centers","shoppingcenters"],["Souvenir Shops","souvenirs"],["Spiritual Shop","spiritual_shop"],["Sporting Goods","sportgoods"],["Bikes","bikes"],["Golf Equipment","golfequipment"],["Outdoor Gear","outdoorgear"],["Sports Wear","sportswear"],["Thrift Stores","thrift_stores"],["Tickets","tickets"],["Tobacco Shops","tobaccoshops"],["Toy Stores","toys"],["Trophy Shops","trophyshops"],["Uniforms","uniforms"],["Used Bookstore","usedbooks"],["Vape Shops","vapeshops"],["Watches","watches"],["Wholesale Stores","wholesale_stores"],["Wigs","wigs"],
